Ticker,Date,Open,High,Low,Close
BUT1 Comdty,2010-05-31,,,,3577
BUT1 Comdty,2010-06-01,3750,3750,3750,3750
BUT1 Comdty,2010-06-02,,,,3625
BUT1 Comdty,2010-06-03,,,,3625
BUT1 Comdty,2010-06-04,,,,3725
BUT1 Comdty,2010-06-07,,,,3675
BUT1 Comdty,2010-06-08,,,,3675
BUT1 Comdty,2010-06-09,,,,3725
BUT1 Comdty,2010-06-10,3700,3700,3700,3700
BUT1 Comdty,2010-06-11,,,,3725
BUT1 Comdty,2010-06-14,,,,3750
BUT1 Comdty,2010-06-15,,,,3750
BUT1 Comdty,2010-06-16,,,,3770
BUT1 Comdty,2010-06-17,,,,3775
BUT1 Comdty,2010-06-18,,,,3775
BUT1 Comdty,2010-06-21,,,,3785
BUT1 Comdty,2010-06-22,,,,3825
BUT1 Comdty,2010-06-23,,,,3775
BUT1 Comdty,2010-06-24,,,,3725
BUT1 Comdty,2010-06-25,,,,3750
BUT1 Comdty,2010-06-28,,,,3700
BUT1 Comdty,2010-06-29,3650,3650,3650,3650
BUT1 Comdty,2010-06-30,,,,3640
BUT1 Comdty,2010-07-01,,,,3650
BUT1 Comdty,2010-07-02,,,,3660
BUT1 Comdty,2010-07-05,,,,3635
BUT1 Comdty,2010-07-06,,,,3650
BUT1 Comdty,2010-07-07,,,,3650
BUT1 Comdty,2010-07-08,,,,3650
BUT1 Comdty,2010-07-09,,,,3655
BUT1 Comdty,2010-07-12,,,,3645
BUT1 Comdty,2010-07-13,,,,3645
BUT1 Comdty,2010-07-14,,,,3665
BUT1 Comdty,2010-07-15,,,,3675
BUT1 Comdty,2010-07-16,,,,3665
BUT1 Comdty,2010-07-19,,,,3655
BUT1 Comdty,2010-07-20,,,,3675
BUT1 Comdty,2010-07-21,,,,3705
BUT1 Comdty,2010-07-22,,,,3705
BUT1 Comdty,2010-07-23,,,,3715
BUT1 Comdty,2010-07-26,,,,3715
BUT1 Comdty,2010-07-27,,,,3715
BUT1 Comdty,2010-07-28,,,,3625
BUT1 Comdty,2010-07-29,,,,3600
BUT1 Comdty,2010-07-30,,,,3575
BUT1 Comdty,2010-08-02,,,,3575
BUT1 Comdty,2010-08-03,,,,3575
BUT1 Comdty,2010-08-04,,,,3575
BUT1 Comdty,2010-08-05,,,,3575
BUT1 Comdty,2010-08-06,,,,3575
BUT1 Comdty,2010-08-09,,,,3575
BUT1 Comdty,2010-08-10,,,,3575
BUT1 Comdty,2010-08-11,,,,3550
BUT1 Comdty,2010-08-12,,,,3550
BUT1 Comdty,2010-08-13,,,,3550
BUT1 Comdty,2010-08-16,,,,3600
BUT1 Comdty,2010-08-17,,,,3600
BUT1 Comdty,2010-08-18,,,,3550
BUT1 Comdty,2010-08-19,,,,3550
BUT1 Comdty,2010-08-20,,,,3550
BUT1 Comdty,2010-08-23,,,,3575
BUT1 Comdty,2010-08-24,,,,3575
BUT1 Comdty,2010-08-25,,,,3575
BUT1 Comdty,2010-08-26,,,,3575
BUT1 Comdty,2010-08-27,,,,3575
BUT1 Comdty,2010-08-30,,,,3625
BUT1 Comdty,2010-08-31,,,,3625
BUT1 Comdty,2010-09-01,,,,3625
BUT1 Comdty,2010-09-02,3700,3700,3700,3700
BUT1 Comdty,2010-09-03,,,,3700
BUT1 Comdty,2010-09-06,,,,3775
BUT1 Comdty,2010-09-07,,,,3775
BUT1 Comdty,2010-09-08,,,,3775
BUT1 Comdty,2010-09-09,,,,3775
BUT1 Comdty,2010-09-10,,,,3775
BUT1 Comdty,2010-09-13,,,,3775
BUT1 Comdty,2010-09-14,,,,3763
BUT1 Comdty,2010-09-15,,,,3763
BUT1 Comdty,2010-09-16,,,,3750
BUT1 Comdty,2010-09-17,,,,3750
BUT1 Comdty,2010-09-20,,,,3750
BUT1 Comdty,2010-09-21,,,,3713
BUT1 Comdty,2010-09-22,,,,3713
BUT1 Comdty,2010-09-23,,,,3713
BUT1 Comdty,2010-09-24,,,,3713
BUT1 Comdty,2010-09-27,,,,3713
BUT1 Comdty,2010-09-28,,,,3713
BUT1 Comdty,2010-09-29,,,,3713
BUT1 Comdty,2010-09-30,,,,3713
BUT1 Comdty,2010-10-01,,,,3713
BUT1 Comdty,2010-10-04,,,,3713
BUT1 Comdty,2010-10-05,,,,3713
BUT1 Comdty,2010-10-06,,,,3725
BUT1 Comdty,2010-10-07,,,,3700
BUT1 Comdty,2010-10-08,,,,3713
BUT1 Comdty,2010-10-11,,,,3700
BUT1 Comdty,2010-10-12,,,,3700
BUT1 Comdty,2010-10-13,,,,3700
BUT1 Comdty,2010-10-14,,,,3700
BUT1 Comdty,2010-10-15,,,,3700
BUT1 Comdty,2010-10-18,,,,3713
BUT1 Comdty,2010-10-19,,,,3713
BUT1 Comdty,2010-10-20,,,,3713
BUT1 Comdty,2010-10-21,,,,3713
BUT1 Comdty,2010-10-22,,,,3700
BUT1 Comdty,2010-10-25,,,,3700
BUT1 Comdty,2010-10-26,,,,3700
BUT1 Comdty,2010-10-27,,,,3702
BUT1 Comdty,2010-10-28,,,,3400
BUT1 Comdty,2010-10-29,,,,3400
BUT1 Comdty,2010-11-01,,,,3400
BUT1 Comdty,2010-11-02,,,,3375
BUT1 Comdty,2010-11-03,,,,3400
BUT1 Comdty,2010-11-04,,,,3400
BUT1 Comdty,2010-11-05,,,,3400
BUT1 Comdty,2010-11-08,,,,3400
BUT1 Comdty,2010-11-09,,,,3400
BUT1 Comdty,2010-11-10,,,,3400
BUT1 Comdty,2010-11-11,,,,3400
BUT1 Comdty,2010-11-12,,,,3375
BUT1 Comdty,2010-11-15,,,,3375
BUT1 Comdty,2010-11-16,,,,3375
BUT1 Comdty,2010-11-17,,,,3375
BUT1 Comdty,2010-11-18,,,,3375
BUT1 Comdty,2010-11-19,,,,3375
BUT1 Comdty,2010-11-22,,,,3375
BUT1 Comdty,2010-11-23,,,,3375
BUT1 Comdty,2010-11-24,,,,3450
BUT1 Comdty,2010-11-25,,,,3450
BUT1 Comdty,2010-11-26,,,,3450
BUT1 Comdty,2010-11-29,,,,3450
BUT1 Comdty,2010-11-30,,,,3450
BUT1 Comdty,2010-12-01,,,,3450
BUT1 Comdty,2010-12-02,,,,3500
BUT1 Comdty,2010-12-03,,,,3450
BUT1 Comdty,2010-12-06,,,,3450
BUT1 Comdty,2010-12-07,,,,3450
BUT1 Comdty,2010-12-08,,,,3450
BUT1 Comdty,2010-12-09,,,,3450
BUT1 Comdty,2010-12-10,,,,3450
BUT1 Comdty,2010-12-13,,,,3450
BUT1 Comdty,2010-12-14,,,,3575
BUT1 Comdty,2010-12-15,,,,3625
BUT1 Comdty,2010-12-16,,,,3625
BUT1 Comdty,2010-12-17,,,,3625
BUT1 Comdty,2010-12-20,,,,3625
BUT1 Comdty,2010-12-21,,,,3625
BUT1 Comdty,2010-12-22,,,,3625
BUT1 Comdty,2010-12-23,,,,3625
BUT1 Comdty,2010-12-27,,,,3675
BUT1 Comdty,2010-12-28,,,,3650
BUT1 Comdty,2010-12-29,,,,3650
BUT1 Comdty,2010-12-30,,,,3700
BUT1 Comdty,2011-01-03,,,,3675
BUT1 Comdty,2011-01-04,,,,3675
BUT1 Comdty,2011-01-05,,,,3700
BUT1 Comdty,2011-01-06,,,,3700
BUT1 Comdty,2011-01-07,,,,3700
BUT1 Comdty,2011-01-10,,,,3700
BUT1 Comdty,2011-01-11,,,,3700
BUT1 Comdty,2011-01-12,,,,3700
BUT1 Comdty,2011-01-13,,,,3700
BUT1 Comdty,2011-01-14,,,,3700
BUT1 Comdty,2011-01-17,,,,3700
BUT1 Comdty,2011-01-18,,,,3700
BUT1 Comdty,2011-01-19,,,,3700
BUT1 Comdty,2011-01-20,,,,3700
BUT1 Comdty,2011-01-21,,,,3700
BUT1 Comdty,2011-01-24,,,,3700
BUT1 Comdty,2011-01-25,,,,3775
BUT1 Comdty,2011-01-26,,,,3728
BUT1 Comdty,2011-01-27,,,,3750
BUT1 Comdty,2011-01-28,,,,3750
BUT1 Comdty,2011-01-31,,,,3750
BUT1 Comdty,2011-02-01,,,,3750
BUT1 Comdty,2011-02-02,,,,3850
BUT1 Comdty,2011-02-03,,,,3850
BUT1 Comdty,2011-02-04,,,,3850
BUT1 Comdty,2011-02-07,,,,3875
BUT1 Comdty,2011-02-08,,,,3875
BUT1 Comdty,2011-02-09,,,,3875
BUT1 Comdty,2011-02-10,,,,3875
BUT1 Comdty,2011-02-11,,,,3975
BUT1 Comdty,2011-02-14,,,,4025
BUT1 Comdty,2011-02-15,,,,4025
BUT1 Comdty,2011-02-16,,,,4025
BUT1 Comdty,2011-02-17,,,,4075
BUT1 Comdty,2011-02-18,,,,4075
BUT1 Comdty,2011-02-21,,,,4075
BUT1 Comdty,2011-02-22,,,,4075
BUT1 Comdty,2011-02-23,,,,4075
BUT1 Comdty,2011-02-24,,,,4075
BUT1 Comdty,2011-02-25,,,,3950
BUT1 Comdty,2011-02-28,,,,4000
BUT1 Comdty,2011-03-01,,,,4000
BUT1 Comdty,2011-03-02,,,,4000
BUT1 Comdty,2011-03-03,,,,4000
BUT1 Comdty,2011-03-04,,,,4000
BUT1 Comdty,2011-03-07,,,,4000
BUT1 Comdty,2011-03-08,,,,3938
BUT1 Comdty,2011-03-09,,,,3938
BUT1 Comdty,2011-03-10,,,,3938
BUT1 Comdty,2011-03-11,,,,3938
BUT1 Comdty,2011-03-14,,,,3900
BUT1 Comdty,2011-03-15,,,,3900
BUT1 Comdty,2011-03-16,,,,3900
BUT1 Comdty,2011-03-17,,,,3800
BUT1 Comdty,2011-03-18,,,,3800
BUT1 Comdty,2011-03-21,,,,3725
BUT1 Comdty,2011-03-22,,,,3725
BUT1 Comdty,2011-03-23,,,,3725
BUT1 Comdty,2011-03-24,,,,3725
BUT1 Comdty,2011-03-25,,,,3725
BUT1 Comdty,2011-03-28,,,,3725
BUT1 Comdty,2011-03-29,,,,3675
BUT1 Comdty,2011-03-30,,,,3675
BUT1 Comdty,2011-03-31,,,,3675
BUT1 Comdty,2011-04-01,,,,3675
BUT1 Comdty,2011-04-04,,,,3675
BUT1 Comdty,2011-04-05,,,,3675
BUT1 Comdty,2011-04-06,,,,3825
BUT1 Comdty,2011-04-07,,,,3975
BUT1 Comdty,2011-04-08,,,,3975
BUT1 Comdty,2011-04-11,,,,3950
BUT1 Comdty,2011-04-12,,,,3950
BUT1 Comdty,2011-04-13,,,,3950
BUT1 Comdty,2011-04-14,,,,3950
BUT1 Comdty,2011-04-15,,,,3950
BUT1 Comdty,2011-04-18,,,,3950
BUT1 Comdty,2011-04-19,,,,3950
BUT1 Comdty,2011-04-20,,,,3950
BUT1 Comdty,2011-04-21,,,,4025
BUT1 Comdty,2011-04-26,,,,4025
BUT1 Comdty,2011-04-27,,,,4027
BUT1 Comdty,2011-04-28,,,,3850
BUT1 Comdty,2011-04-29,,,,3850
BUT1 Comdty,2011-05-02,,,,3850
BUT1 Comdty,2011-05-03,,,,3850
BUT1 Comdty,2011-05-04,,,,3850
BUT1 Comdty,2011-05-05,,,,3850
BUT1 Comdty,2011-05-06,,,,3950
BUT1 Comdty,2011-05-09,,,,4000
BUT1 Comdty,2011-05-10,,,,4000
BUT1 Comdty,2011-05-11,,,,4000
BUT1 Comdty,2011-05-12,,,,4000
BUT1 Comdty,2011-05-13,,,,4000
BUT1 Comdty,2011-05-16,,,,4075
BUT1 Comdty,2011-05-17,,,,4075
BUT1 Comdty,2011-05-18,,,,4075
BUT1 Comdty,2011-05-19,,,,4075
BUT1 Comdty,2011-05-20,,,,4075
BUT1 Comdty,2011-05-23,,,,4075
BUT1 Comdty,2011-05-24,,,,4075
BUT1 Comdty,2011-05-25,,,,4075
BUT1 Comdty,2011-05-26,,,,4075
BUT1 Comdty,2011-05-27,,,,4075
BUT1 Comdty,2011-05-30,,,,4075
BUT1 Comdty,2011-05-31,,,,4075
BUT1 Comdty,2011-06-01,,,,4075
BUT1 Comdty,2011-06-02,,,,4075
BUT1 Comdty,2011-06-03,,,,4175
BUT1 Comdty,2011-06-06,,,,4175
BUT1 Comdty,2011-06-07,,,,4175
BUT1 Comdty,2011-06-08,,,,4175
BUT1 Comdty,2011-06-09,,,,4175
BUT1 Comdty,2011-06-10,,,,4175
BUT1 Comdty,2011-06-13,,,,4175
BUT1 Comdty,2011-06-14,,,,4175
BUT1 Comdty,2011-06-15,,,,4175
BUT1 Comdty,2011-06-16,,,,4175
BUT1 Comdty,2011-06-17,,,,4175
BUT1 Comdty,2011-06-20,,,,4175
BUT1 Comdty,2011-06-21,,,,4175
BUT1 Comdty,2011-06-22,,,,4175
BUT1 Comdty,2011-06-23,,,,4175
BUT1 Comdty,2011-06-24,,,,4175
BUT1 Comdty,2011-06-27,,,,4125
BUT1 Comdty,2011-06-28,,,,4125
BUT1 Comdty,2011-06-29,,,,4125
BUT1 Comdty,2011-06-30,,,,4125
BUT1 Comdty,2011-07-01,,,,4125
BUT1 Comdty,2011-07-04,,,,4125
BUT1 Comdty,2011-07-05,,,,4125
BUT1 Comdty,2011-07-06,,,,4125
BUT1 Comdty,2011-07-07,,,,4125
BUT1 Comdty,2011-07-08,,,,4125
BUT1 Comdty,2011-07-11,,,,4125
BUT1 Comdty,2011-07-12,,,,4125
BUT1 Comdty,2011-07-13,,,,4125
BUT1 Comdty,2011-07-14,,,,4125
BUT1 Comdty,2011-07-15,,,,4125
BUT1 Comdty,2011-07-18,,,,4125
BUT1 Comdty,2011-07-19,,,,4100
BUT1 Comdty,2011-07-20,,,,4125
BUT1 Comdty,2011-07-21,,,,4075
BUT1 Comdty,2011-07-22,,,,4125
BUT1 Comdty,2011-07-25,,,,4125
BUT1 Comdty,2011-07-26,,,,4125
BUT1 Comdty,2011-07-27,,,,4080
BUT1 Comdty,2011-07-28,,,,4000
BUT1 Comdty,2011-07-29,,,,4000
BUT1 Comdty,2011-08-01,,,,3975
BUT1 Comdty,2011-08-02,,,,3975
BUT1 Comdty,2011-08-03,,,,3920
BUT1 Comdty,2011-08-04,3900,3900,3900,3900
BUT1 Comdty,2011-08-05,,,,3900
BUT1 Comdty,2011-08-08,,,,3900
BUT1 Comdty,2011-08-09,,,,3825
BUT1 Comdty,2011-08-10,,,,3813
BUT1 Comdty,2011-08-11,,,,3813
BUT1 Comdty,2011-08-12,,,,3888
BUT1 Comdty,2011-08-15,,,,3888
BUT1 Comdty,2011-08-16,,,,3875
BUT1 Comdty,2011-08-17,,,,3825
BUT1 Comdty,2011-08-18,3850,3850,3850,3850
BUT1 Comdty,2011-08-19,3850,3850,3850,3850
BUT1 Comdty,2011-08-22,,,,3837
BUT1 Comdty,2011-08-23,3825,3825,3825,3825
BUT1 Comdty,2011-08-24,,,,3835
BUT1 Comdty,2011-08-25,,,,3850
BUT1 Comdty,2011-08-26,3825,3825,3825,3825
BUT1 Comdty,2011-08-29,3825,3825,3825,3825
BUT1 Comdty,2011-08-30,3825,3825,3825,3825
BUT1 Comdty,2011-08-31,3850,3850,3850,3850
BUT1 Comdty,2011-09-01,,,,3865
BUT1 Comdty,2011-09-02,,,,3853
BUT1 Comdty,2011-09-05,,,,3900
BUT1 Comdty,2011-09-06,,,,3900
BUT1 Comdty,2011-09-07,3900,3900,3900,3900
BUT1 Comdty,2011-09-08,,,,3875
BUT1 Comdty,2011-09-09,,,,3875
BUT1 Comdty,2011-09-12,,,,3875
BUT1 Comdty,2011-09-13,,,,3875
BUT1 Comdty,2011-09-14,,,,3875
BUT1 Comdty,2011-09-15,,,,3875
BUT1 Comdty,2011-09-16,,,,3875
BUT1 Comdty,2011-09-19,,,,3875
BUT1 Comdty,2011-09-20,,,,3875
BUT1 Comdty,2011-09-21,,,,3875
BUT1 Comdty,2011-09-22,,,,3875
BUT1 Comdty,2011-09-23,,,,3875
BUT1 Comdty,2011-09-26,,,,3875
BUT1 Comdty,2011-09-27,,,,3875
BUT1 Comdty,2011-09-28,,,,3875
BUT1 Comdty,2011-09-29,,,,3875
BUT1 Comdty,2011-09-30,,,,3875
BUT1 Comdty,2011-10-03,,,,3825
BUT1 Comdty,2011-10-04,,,,3860
BUT1 Comdty,2011-10-05,,,,3825
BUT1 Comdty,2011-10-06,,,,3885
BUT1 Comdty,2011-10-07,,,,3885
BUT1 Comdty,2011-10-10,,,,3885
BUT1 Comdty,2011-10-11,,,,3885
BUT1 Comdty,2011-10-12,,,,3885
BUT1 Comdty,2011-10-13,,,,3885
BUT1 Comdty,2011-10-14,,,,3885
BUT1 Comdty,2011-10-17,,,,3885
BUT1 Comdty,2011-10-18,,,,3885
BUT1 Comdty,2011-10-19,,,,3885
BUT1 Comdty,2011-10-20,,,,3863
BUT1 Comdty,2011-10-21,,,,3863
BUT1 Comdty,2011-10-24,,,,3875
BUT1 Comdty,2011-10-25,,,,3863
BUT1 Comdty,2011-10-26,,,,3878
BUT1 Comdty,2011-10-27,,,,3430
BUT1 Comdty,2011-10-28,,,,3425
BUT1 Comdty,2011-10-31,,,,3425
BUT1 Comdty,2011-11-01,,,,3425
BUT1 Comdty,2011-11-02,,,,3425
BUT1 Comdty,2011-11-03,,,,3425
BUT1 Comdty,2011-11-04,3400,3400,3400,3400
BUT1 Comdty,2011-11-07,,,,3375
BUT1 Comdty,2011-11-08,,,,3375
BUT1 Comdty,2011-11-09,,,,3375
BUT1 Comdty,2011-11-10,,,,3425
BUT1 Comdty,2011-11-11,,,,3350
BUT1 Comdty,2011-11-14,,,,3350
BUT1 Comdty,2011-11-15,,,,3375
BUT1 Comdty,2011-11-16,,,,3375
BUT1 Comdty,2011-11-17,,,,3450
BUT1 Comdty,2011-11-18,,,,3450
BUT1 Comdty,2011-11-21,3400,3400,3400,3400
BUT1 Comdty,2011-11-22,,,,3426
BUT1 Comdty,2011-11-23,,,,3426
BUT1 Comdty,2011-11-24,,,,3388
BUT1 Comdty,2011-11-25,,,,3388
BUT1 Comdty,2011-11-28,3410,3410,3410,3410
BUT1 Comdty,2011-11-29,,,,3413
BUT1 Comdty,2011-11-30,,,,3425
BUT1 Comdty,2011-12-01,3410,3410,3410,3410
BUT1 Comdty,2011-12-02,,,,3401
BUT1 Comdty,2011-12-05,,,,3401
BUT1 Comdty,2011-12-06,,,,3438
BUT1 Comdty,2011-12-07,,,,3426
BUT1 Comdty,2011-12-08,,,,3425
BUT1 Comdty,2011-12-09,,,,3450
BUT1 Comdty,2011-12-12,,,,3450
BUT1 Comdty,2011-12-13,,,,3450
BUT1 Comdty,2011-12-14,,,,3450
BUT1 Comdty,2011-12-15,,,,3450
BUT1 Comdty,2011-12-16,,,,3450
BUT1 Comdty,2011-12-19,,,,3450
BUT1 Comdty,2011-12-20,,,,3450
BUT1 Comdty,2011-12-21,,,,3418
BUT1 Comdty,2011-12-22,,,,3468
BUT1 Comdty,2011-12-23,,,,3468
BUT1 Comdty,2011-12-27,,,,3468
BUT1 Comdty,2011-12-28,,,,3468
BUT1 Comdty,2011-12-29,,,,3468
BUT1 Comdty,2011-12-30,,,,3468
BUT1 Comdty,2012-01-02,,,,3468
BUT1 Comdty,2012-01-03,,,,3468
BUT1 Comdty,2012-01-04,,,,3468
BUT1 Comdty,2012-01-05,,,,3468
BUT1 Comdty,2012-01-06,,,,3468
BUT1 Comdty,2012-01-09,,,,3450
BUT1 Comdty,2012-01-10,,,,3450
BUT1 Comdty,2012-01-11,,,,3450
BUT1 Comdty,2012-01-12,,,,3450
BUT1 Comdty,2012-01-13,,,,3450
BUT1 Comdty,2012-01-16,,,,3450
BUT1 Comdty,2012-01-17,,,,3450
BUT1 Comdty,2012-01-18,,,,3450
BUT1 Comdty,2012-01-19,,,,3450
BUT1 Comdty,2012-01-20,,,,3450
BUT1 Comdty,2012-01-23,,,,3450
BUT1 Comdty,2012-01-24,,,,3425
BUT1 Comdty,2012-01-25,,,,3410
BUT1 Comdty,2012-01-26,,,,3413
BUT1 Comdty,2012-01-27,,,,3413
BUT1 Comdty,2012-01-30,,,,3413
BUT1 Comdty,2012-01-31,,,,3410
BUT1 Comdty,2012-02-01,3410,3410,3410,3410
BUT1 Comdty,2012-02-02,3405,3405,3405,3395
BUT1 Comdty,2012-02-03,,,,3370
BUT1 Comdty,2012-02-06,,,,3370
BUT1 Comdty,2012-02-07,,,,3370
BUT1 Comdty,2012-02-08,,,,3370
BUT1 Comdty,2012-02-09,3350,3350,3300,3325
BUT1 Comdty,2012-02-10,,,,3263
BUT1 Comdty,2012-02-13,,,,3263
BUT1 Comdty,2012-02-14,,,,3263
BUT1 Comdty,2012-02-15,,,,3263
BUT1 Comdty,2012-02-16,,,,3263
BUT1 Comdty,2012-02-17,,,,3263
BUT1 Comdty,2012-02-20,,,,3263
BUT1 Comdty,2012-02-21,,,,3263
BUT1 Comdty,2012-02-22,,,,3213
BUT1 Comdty,2012-02-23,,,,3175
BUT1 Comdty,2012-02-24,,,,3175
BUT1 Comdty,2012-02-27,,,,3175
BUT1 Comdty,2012-02-28,,,,3150
BUT1 Comdty,2012-02-29,,,,3150
BUT1 Comdty,2012-03-01,,,,3150
BUT1 Comdty,2012-03-02,3125,3125,3125,3125
BUT1 Comdty,2012-03-05,,,,3038
BUT1 Comdty,2012-03-06,,,,3038
BUT1 Comdty,2012-03-07,3050,3050,3025,3031
BUT1 Comdty,2012-03-08,,,,3037
BUT1 Comdty,2012-03-09,,,,3045
BUT1 Comdty,2012-03-12,3025,3025,3025,3025
BUT1 Comdty,2012-03-13,,,,3020
BUT1 Comdty,2012-03-14,,,,3020
BUT1 Comdty,2012-03-15,,,,3020
BUT1 Comdty,2012-03-16,,,,3008
BUT1 Comdty,2012-03-19,,,,3020
BUT1 Comdty,2012-03-20,3000,3000,3000,3000
BUT1 Comdty,2012-03-21,,,,2963
BUT1 Comdty,2012-03-22,,,,2925
BUT1 Comdty,2012-03-23,2900,2900,2900,2900
BUT1 Comdty,2012-03-26,,,,2850
BUT1 Comdty,2012-03-27,,,,2850
BUT1 Comdty,2012-03-28,,,,2850
BUT1 Comdty,2012-03-29,,,,2850
BUT1 Comdty,2012-03-30,,,,2850
BUT1 Comdty,2012-04-02,,,,2850
BUT1 Comdty,2012-04-03,2800,2800,2775,2779
BUT1 Comdty,2012-04-04,,,,2765
BUT1 Comdty,2012-04-05,,,,2753
BUT1 Comdty,2012-04-10,,,,2765
BUT1 Comdty,2012-04-11,2700,2700,2700,2700
BUT1 Comdty,2012-04-12,2675,2675,2675,2675
BUT1 Comdty,2012-04-13,,,,2630
BUT1 Comdty,2012-04-16,,,,2630
BUT1 Comdty,2012-04-17,,,,2630
BUT1 Comdty,2012-04-18,,,,2680
BUT1 Comdty,2012-04-19,,,,2680
BUT1 Comdty,2012-04-20,,,,2680
BUT1 Comdty,2012-04-23,,,,2680
BUT1 Comdty,2012-04-24,,,,2663
BUT1 Comdty,2012-04-25,,,,2570
BUT1 Comdty,2012-04-26,2575,2575,2575,2575
BUT1 Comdty,2012-04-27,2560,2560,2560,2525
BUT1 Comdty,2012-04-30,,,,2525
BUT1 Comdty,2012-05-02,2500,2500,2500,2500
BUT1 Comdty,2012-05-03,,,,2513
BUT1 Comdty,2012-05-04,2520,2525,2520,2521
BUT1 Comdty,2012-05-07,,,,2550
BUT1 Comdty,2012-05-08,,,,2525
BUT1 Comdty,2012-05-09,2550,2550,2550,2550
BUT1 Comdty,2012-05-10,,,,2565
BUT1 Comdty,2012-05-11,,,,2565
BUT1 Comdty,2012-05-14,,,,2580
BUT1 Comdty,2012-05-15,2540,2540,2540,2540
BUT1 Comdty,2012-05-16,,,,2538
BUT1 Comdty,2012-05-17,,,,2573
BUT1 Comdty,2012-05-18,,,,2573
BUT1 Comdty,2012-05-21,,,,2595
BUT1 Comdty,2012-05-22,,,,2595
BUT1 Comdty,2012-05-23,,,,2595
BUT1 Comdty,2012-05-24,,,,2663
BUT1 Comdty,2012-05-25,,,,2620
BUT1 Comdty,2012-05-28,,,,2620
BUT1 Comdty,2012-05-29,,,,2638
BUT1 Comdty,2012-05-30,,,,2638
BUT1 Comdty,2012-05-31,,,,2648
BUT1 Comdty,2012-06-01,,,,2648
BUT1 Comdty,2012-06-04,,,,2648
BUT1 Comdty,2012-06-05,,,,2648
BUT1 Comdty,2012-06-06,2725,2725,2725,2725
BUT1 Comdty,2012-06-07,,,,2775
BUT1 Comdty,2012-06-08,,,,2775
BUT1 Comdty,2012-06-11,,,,2775
BUT1 Comdty,2012-06-12,,,,2775
BUT1 Comdty,2012-06-13,,,,2775
BUT1 Comdty,2012-06-14,,,,2775
BUT1 Comdty,2012-06-15,,,,2800
BUT1 Comdty,2012-06-18,,,,2825
BUT1 Comdty,2012-06-19,,,,2825
BUT1 Comdty,2012-06-20,,,,2825
BUT1 Comdty,2012-06-21,,,,2825
BUT1 Comdty,2012-06-22,,,,2788
BUT1 Comdty,2012-06-25,,,,2788
BUT1 Comdty,2012-06-26,,,,2788
BUT1 Comdty,2012-06-27,,,,2788
BUT1 Comdty,2012-06-28,,,,2788
BUT1 Comdty,2012-06-29,,,,2700
BUT1 Comdty,2012-07-02,,,,2700
BUT1 Comdty,2012-07-03,,,,2700
BUT1 Comdty,2012-07-04,,,,2700
BUT1 Comdty,2012-07-05,,,,2700
BUT1 Comdty,2012-07-06,,,,2700
BUT1 Comdty,2012-07-09,,,,2700
BUT1 Comdty,2012-07-10,,,,2688
BUT1 Comdty,2012-07-11,,,,2688
BUT1 Comdty,2012-07-12,,,,2688
BUT1 Comdty,2012-07-13,,,,2688
BUT1 Comdty,2012-07-16,,,,2688
BUT1 Comdty,2012-07-17,,,,2688
BUT1 Comdty,2012-07-18,,,,2688
BUT1 Comdty,2012-07-19,,,,2688
BUT1 Comdty,2012-07-20,,,,2688
BUT1 Comdty,2012-07-23,,,,2688
BUT1 Comdty,2012-07-24,,,,2688
BUT1 Comdty,2012-07-25,,,,2775
BUT1 Comdty,2012-07-26,,,,2775
BUT1 Comdty,2012-07-27,,,,2775
BUT1 Comdty,2012-07-30,,,,2825
BUT1 Comdty,2012-07-31,,,,2825
BUT1 Comdty,2012-08-01,2850,2850,2850,2850
BUT1 Comdty,2012-08-02,,,,2850
BUT1 Comdty,2012-08-03,,,,2850
BUT1 Comdty,2012-08-06,,,,2825
BUT1 Comdty,2012-08-07,,,,2870
BUT1 Comdty,2012-08-08,,,,2870
BUT1 Comdty,2012-08-09,,,,2870
BUT1 Comdty,2012-08-10,,,,2870
BUT1 Comdty,2012-08-13,,,,2870
BUT1 Comdty,2012-08-14,,,,2888
BUT1 Comdty,2012-08-15,2975,2975,2975,2975
BUT1 Comdty,2012-08-16,,,,2975
BUT1 Comdty,2012-08-17,,,,2975
BUT1 Comdty,2012-08-20,,,,2975
BUT1 Comdty,2012-08-21,3050,3050,3050,3050
BUT1 Comdty,2012-08-22,,,,3100
BUT1 Comdty,2012-08-23,,,,3100
BUT1 Comdty,2012-08-24,,,,3100
BUT1 Comdty,2012-08-27,,,,3100
BUT1 Comdty,2012-08-28,3150,3150,3150,3150
BUT1 Comdty,2012-08-29,,,,3200
BUT1 Comdty,2012-08-30,,,,3225
BUT1 Comdty,2012-08-31,,,,3225
BUT1 Comdty,2012-09-03,,,,3225
BUT1 Comdty,2012-09-04,,,,3300
BUT1 Comdty,2012-09-05,,,,3300
BUT1 Comdty,2012-09-06,,,,3300
BUT1 Comdty,2012-09-07,,,,3300
BUT1 Comdty,2012-09-10,,,,3300
BUT1 Comdty,2012-09-11,,,,3300
BUT1 Comdty,2012-09-12,,,,3300
BUT1 Comdty,2012-09-13,,,,3150
BUT1 Comdty,2012-09-14,,,,3150
BUT1 Comdty,2012-09-17,,,,3200
BUT1 Comdty,2012-09-18,,,,3150
BUT1 Comdty,2012-09-19,,,,3150
BUT1 Comdty,2012-09-20,,,,3150
BUT1 Comdty,2012-09-21,,,,3175
BUT1 Comdty,2012-09-24,,,,3200
BUT1 Comdty,2012-09-25,,,,3200
BUT1 Comdty,2012-09-26,,,,3200
BUT1 Comdty,2012-09-27,,,,3213
BUT1 Comdty,2012-09-28,,,,3200
BUT1 Comdty,2012-10-01,3200,3200,3200,3200
BUT1 Comdty,2012-10-02,,,,3200
BUT1 Comdty,2012-10-03,,,,3200
BUT1 Comdty,2012-10-04,,,,3213
BUT1 Comdty,2012-10-05,,,,3200
BUT1 Comdty,2012-10-08,,,,3200
BUT1 Comdty,2012-10-09,,,,3213
BUT1 Comdty,2012-10-10,,,,3213
BUT1 Comdty,2012-10-11,,,,3213
BUT1 Comdty,2012-10-12,,,,3213
BUT1 Comdty,2012-10-15,,,,3213
BUT1 Comdty,2012-10-16,,,,3213
BUT1 Comdty,2012-10-17,,,,3213
BUT1 Comdty,2012-10-18,,,,3213
BUT1 Comdty,2012-10-19,,,,3213
BUT1 Comdty,2012-10-22,,,,3263
BUT1 Comdty,2012-10-23,,,,3263
BUT1 Comdty,2012-10-24,,,,3263
BUT1 Comdty,2012-10-25,,,,3263
BUT1 Comdty,2012-10-26,,,,3263
BUT1 Comdty,2012-10-29,,,,3263
BUT1 Comdty,2012-10-30,,,,3263
BUT1 Comdty,2012-10-31,,,,3238
BUT1 Comdty,2012-11-01,,,,3238
BUT1 Comdty,2012-11-02,,,,3263
BUT1 Comdty,2012-11-05,,,,3263
BUT1 Comdty,2012-11-06,,,,3263
BUT1 Comdty,2012-11-07,,,,3350
BUT1 Comdty,2012-11-08,,,,3350
BUT1 Comdty,2012-11-09,,,,3375
BUT1 Comdty,2012-11-12,,,,3375
BUT1 Comdty,2012-11-13,,,,3450
BUT1 Comdty,2012-11-14,,,,3450
BUT1 Comdty,2012-11-15,,,,3450
BUT1 Comdty,2012-11-16,,,,3450
BUT1 Comdty,2012-11-19,,,,3450
BUT1 Comdty,2012-11-20,,,,3450
BUT1 Comdty,2012-11-21,,,,3450
BUT1 Comdty,2012-11-22,,,,3450
BUT1 Comdty,2012-11-23,,,,3450
BUT1 Comdty,2012-11-26,,,,3450
BUT1 Comdty,2012-11-27,,,,3450
BUT1 Comdty,2012-11-28,,,,3375
BUT1 Comdty,2012-11-29,,,,3375
BUT1 Comdty,2012-11-30,,,,3375
BUT1 Comdty,2012-12-03,,,,3375
BUT1 Comdty,2012-12-04,,,,3375
BUT1 Comdty,2012-12-05,,,,3375
BUT1 Comdty,2012-12-06,,,,3375
BUT1 Comdty,2012-12-07,,,,3400
BUT1 Comdty,2012-12-10,,,,3425
BUT1 Comdty,2012-12-11,,,,3425
BUT1 Comdty,2012-12-12,,,,3475
BUT1 Comdty,2012-12-13,,,,3475
BUT1 Comdty,2012-12-14,,,,3475
BUT1 Comdty,2012-12-17,,,,3475
BUT1 Comdty,2012-12-18,,,,3475
BUT1 Comdty,2012-12-19,,,,3475
BUT1 Comdty,2012-12-27,,,,3388
BUT1 Comdty,2012-12-28,,,,3388
BUT1 Comdty,2012-12-31,,,,3388
BUT1 Comdty,2013-01-02,,,,3388
BUT1 Comdty,2013-01-03,,,,3388
BUT1 Comdty,2013-01-04,,,,3388
BUT1 Comdty,2013-01-07,,,,3388
BUT1 Comdty,2013-01-08,,,,3388
BUT1 Comdty,2013-01-09,,,,3388
BUT1 Comdty,2013-01-10,,,,3388
BUT1 Comdty,2013-01-11,,,,3388
BUT1 Comdty,2013-01-14,,,,3388
BUT1 Comdty,2013-01-15,,,,3370
BUT1 Comdty,2013-01-16,,,,3370
BUT1 Comdty,2013-01-17,,,,3370
BUT1 Comdty,2013-01-18,,,,3370
BUT1 Comdty,2013-01-21,,,,3370
BUT1 Comdty,2013-01-22,,,,3370
BUT1 Comdty,2013-01-23,3340,3340,3340,3340
BUT1 Comdty,2013-01-24,,,,3335
BUT1 Comdty,2013-01-25,,,,3335
BUT1 Comdty,2013-01-28,,,,3345
BUT1 Comdty,2013-01-29,,,,3345
BUT1 Comdty,2013-01-30,,,,3295
BUT1 Comdty,2013-01-31,,,,3295
BUT1 Comdty,2013-02-01,,,,3295
BUT1 Comdty,2013-02-04,,,,3295
BUT1 Comdty,2013-02-05,3300,3300,3300,3300
BUT1 Comdty,2013-02-06,,,,3295
BUT1 Comdty,2013-02-07,,,,3290
BUT1 Comdty,2013-02-08,,,,3300
BUT1 Comdty,2013-02-11,,,,3310
BUT1 Comdty,2013-02-12,,,,3310
BUT1 Comdty,2013-02-13,,,,3315
BUT1 Comdty,2013-02-14,,,,3315
BUT1 Comdty,2013-02-15,,,,3315
BUT1 Comdty,2013-02-18,,,,3315
BUT1 Comdty,2013-02-19,,,,3315
BUT1 Comdty,2013-02-20,,,,3305
BUT1 Comdty,2013-02-21,,,,3308
BUT1 Comdty,2013-02-22,,,,3315
BUT1 Comdty,2013-02-25,,,,3315
BUT1 Comdty,2013-02-26,,,,3315
BUT1 Comdty,2013-02-27,,,,3255
BUT1 Comdty,2013-02-28,,,,3255
BUT1 Comdty,2013-03-01,3270,3270,3270,3270
BUT1 Comdty,2013-03-04,,,,3275
BUT1 Comdty,2013-03-05,,,,3275
BUT1 Comdty,2013-03-06,3300,3300,3300,3300
BUT1 Comdty,2013-03-07,,,,3323
BUT1 Comdty,2013-03-08,,,,3338
BUT1 Comdty,2013-03-11,,,,3350
BUT1 Comdty,2013-03-12,,,,3350
BUT1 Comdty,2013-03-13,,,,3350
BUT1 Comdty,2013-03-14,,,,3350
BUT1 Comdty,2013-03-15,,,,3350
BUT1 Comdty,2013-03-18,,,,3350
BUT1 Comdty,2013-03-19,,,,3350
BUT1 Comdty,2013-03-20,,,,3350
BUT1 Comdty,2013-03-21,,,,3425
BUT1 Comdty,2013-03-22,,,,3425
BUT1 Comdty,2013-03-25,,,,3425
BUT1 Comdty,2013-03-26,,,,3400
BUT1 Comdty,2013-03-27,,,,3510
BUT1 Comdty,2013-03-28,,,,3600
BUT1 Comdty,2013-04-02,,,,3600
BUT1 Comdty,2013-04-03,,,,3600
BUT1 Comdty,2013-04-04,,,,3900
BUT1 Comdty,2013-04-05,,,,3900
BUT1 Comdty,2013-04-08,,,,3900
BUT1 Comdty,2013-04-09,,,,3900
BUT1 Comdty,2013-04-10,,,,3900
BUT1 Comdty,2013-04-11,,,,3900
BUT1 Comdty,2013-04-12,,,,3900
BUT1 Comdty,2013-04-15,,,,3925
BUT1 Comdty,2013-04-16,4000,4000,4000,4000
BUT1 Comdty,2013-04-17,,,,4000
BUT1 Comdty,2013-04-18,,,,4000
BUT1 Comdty,2013-04-19,,,,4000
BUT1 Comdty,2013-04-22,,,,4000
BUT1 Comdty,2013-04-23,,,,4000
BUT1 Comdty,2013-04-24,,,,4000
BUT1 Comdty,2013-04-25,,,,4000
BUT1 Comdty,2013-04-26,3950,3950,3950,3950
BUT1 Comdty,2013-04-29,,,,3950
BUT1 Comdty,2013-04-30,,,,3950
BUT1 Comdty,2013-05-02,,,,3950
BUT1 Comdty,2013-05-03,3950,3950,3950,3950
BUT1 Comdty,2013-05-06,,,,3925
BUT1 Comdty,2013-05-07,,,,3925
BUT1 Comdty,2013-05-08,,,,3925
BUT1 Comdty,2013-05-09,,,,3925
BUT1 Comdty,2013-05-10,,,,3938
BUT1 Comdty,2013-05-13,,,,3950
BUT1 Comdty,2013-05-14,,,,3950
BUT1 Comdty,2013-05-15,4000,4000,4000,4000
BUT1 Comdty,2013-05-16,,,,4000
BUT1 Comdty,2013-05-17,4050,4050,4050,4050
BUT1 Comdty,2013-05-20,,,,4058
BUT1 Comdty,2013-05-21,,,,4058
BUT1 Comdty,2013-05-22,4085,4085,4085,4085
BUT1 Comdty,2013-05-23,,,,4105
BUT1 Comdty,2013-05-24,,,,4105
BUT1 Comdty,2013-05-27,,,,4105
BUT1 Comdty,2013-05-28,,,,4105
BUT1 Comdty,2013-05-29,4150,4150,4150,4150
BUT1 Comdty,2013-05-30,,,,4150
BUT1 Comdty,2013-05-31,,,,4150
BUT1 Comdty,2013-06-03,,,,4150
BUT1 Comdty,2013-06-04,4175,4175,4175,4175
BUT1 Comdty,2013-06-05,,,,4150
BUT1 Comdty,2013-06-06,,,,4153
BUT1 Comdty,2013-06-07,,,,4155
BUT1 Comdty,2013-06-10,,,,4158
BUT1 Comdty,2013-06-11,,,,4163
BUT1 Comdty,2013-06-12,,,,4213
BUT1 Comdty,2013-06-13,,,,4223
BUT1 Comdty,2013-06-14,,,,4223
BUT1 Comdty,2013-06-17,,,,4223
BUT1 Comdty,2013-06-18,,,,4223
BUT1 Comdty,2013-06-19,,,,4223
BUT1 Comdty,2013-06-20,,,,4223
BUT1 Comdty,2013-06-21,,,,4223
BUT1 Comdty,2013-06-24,,,,4223
BUT1 Comdty,2013-06-25,,,,4223
BUT1 Comdty,2013-06-26,,,,4200
BUT1 Comdty,2013-06-27,,,,4200
BUT1 Comdty,2013-06-28,,,,4200
BUT1 Comdty,2013-07-01,,,,4163
BUT1 Comdty,2013-07-02,,,,4163
BUT1 Comdty,2013-07-03,,,,4200
BUT1 Comdty,2013-07-04,,,,4200
BUT1 Comdty,2013-07-05,,,,4200
BUT1 Comdty,2013-07-08,4200,4200,4200,4200
BUT1 Comdty,2013-07-09,,,,4175
BUT1 Comdty,2013-07-10,,,,4200
BUT1 Comdty,2013-07-11,,,,4200
BUT1 Comdty,2013-07-12,,,,4200
BUT1 Comdty,2013-07-15,,,,4200
BUT1 Comdty,2013-07-16,,,,4200
BUT1 Comdty,2013-07-17,,,,4200
BUT1 Comdty,2013-07-18,,,,4200
BUT1 Comdty,2013-07-19,,,,4200
BUT1 Comdty,2013-07-22,,,,4200
BUT1 Comdty,2013-07-23,,,,4213
BUT1 Comdty,2013-07-24,,,,4200
BUT1 Comdty,2013-07-25,,,,4200
BUT1 Comdty,2013-07-26,,,,4218
BUT1 Comdty,2013-07-29,,,,4200
BUT1 Comdty,2013-07-30,,,,4200
BUT1 Comdty,2013-07-31,,,,4163
BUT1 Comdty,2013-08-01,,,,4163
BUT1 Comdty,2013-08-02,,,,4163
BUT1 Comdty,2013-08-05,,,,4188
BUT1 Comdty,2013-08-06,,,,4188
BUT1 Comdty,2013-08-07,,,,4200
BUT1 Comdty,2013-08-08,,,,4200
BUT1 Comdty,2013-08-09,,,,4188
BUT1 Comdty,2013-08-12,,,,4188
BUT1 Comdty,2013-08-13,,,,4210
BUT1 Comdty,2013-08-14,,,,4225
BUT1 Comdty,2013-08-15,,,,4223
BUT1 Comdty,2013-08-16,,,,4223
BUT1 Comdty,2013-08-19,,,,4223
BUT1 Comdty,2013-08-20,,,,4222
BUT1 Comdty,2013-08-21,,,,4210
BUT1 Comdty,2013-08-22,,,,4210
BUT1 Comdty,2013-08-23,,,,4210
BUT1 Comdty,2013-08-26,,,,4210
BUT1 Comdty,2013-08-27,,,,4210
BUT1 Comdty,2013-08-28,,,,4260
BUT1 Comdty,2013-08-29,,,,4260
BUT1 Comdty,2013-08-30,,,,4260
BUT1 Comdty,2013-09-02,,,,4260
BUT1 Comdty,2013-09-03,,,,4260
BUT1 Comdty,2013-09-04,,,,4260
BUT1 Comdty,2013-09-05,,,,4260
BUT1 Comdty,2013-09-06,,,,4260
BUT1 Comdty,2013-09-09,,,,4260
BUT1 Comdty,2013-09-10,,,,4200
BUT1 Comdty,2013-09-11,,,,4200
BUT1 Comdty,2013-09-12,,,,4200
BUT1 Comdty,2013-09-13,,,,4200
BUT1 Comdty,2013-09-16,,,,4200
BUT1 Comdty,2013-09-17,,,,4200
BUT1 Comdty,2013-09-18,,,,4200
BUT1 Comdty,2013-09-19,,,,4200
BUT1 Comdty,2013-09-20,,,,4200
BUT1 Comdty,2013-09-23,,,,4200
BUT1 Comdty,2013-09-24,,,,4200
BUT1 Comdty,2013-09-25,,,,4193
BUT1 Comdty,2013-09-26,,,,4193
BUT1 Comdty,2013-09-27,,,,4225
BUT1 Comdty,2013-09-30,,,,4225
BUT1 Comdty,2013-10-01,4150,4150,4150,4150
BUT1 Comdty,2013-10-02,,,,4160
BUT1 Comdty,2013-10-03,,,,4170
BUT1 Comdty,2013-10-04,,,,4138
BUT1 Comdty,2013-10-07,,,,4150
BUT1 Comdty,2013-10-08,,,,4150
BUT1 Comdty,2013-10-09,,,,4185
BUT1 Comdty,2013-10-10,,,,4188
BUT1 Comdty,2013-10-11,,,,4177
BUT1 Comdty,2013-10-14,,,,4173
BUT1 Comdty,2013-10-15,,,,4175
BUT1 Comdty,2013-10-16,,,,4175
BUT1 Comdty,2013-10-17,,,,4175
BUT1 Comdty,2013-10-18,,,,4175
BUT1 Comdty,2013-10-21,,,,4188
BUT1 Comdty,2013-10-22,,,,4175
BUT1 Comdty,2013-10-23,4125,4125,4125,4125
BUT1 Comdty,2013-10-24,,,,4065
BUT1 Comdty,2013-10-25,,,,4053
BUT1 Comdty,2013-10-28,,,,4040
BUT1 Comdty,2013-10-29,,,,4040
BUT1 Comdty,2013-10-30,,,,3900
BUT1 Comdty,2013-10-31,,,,3900
BUT1 Comdty,2013-11-01,,,,3938
BUT1 Comdty,2013-11-04,,,,3938
BUT1 Comdty,2013-11-05,,,,3950
BUT1 Comdty,2013-11-06,,,,4000
BUT1 Comdty,2013-11-07,,,,4000
BUT1 Comdty,2013-11-08,,,,4000
BUT1 Comdty,2013-11-11,,,,4000
BUT1 Comdty,2013-11-12,,,,4000
BUT1 Comdty,2013-11-13,,,,4000
BUT1 Comdty,2013-11-14,,,,4000
BUT1 Comdty,2013-11-15,,,,4000
BUT1 Comdty,2013-11-18,,,,4050
BUT1 Comdty,2013-11-19,,,,4050
BUT1 Comdty,2013-11-20,,,,4070
BUT1 Comdty,2013-11-21,,,,4083
BUT1 Comdty,2013-11-22,,,,4103
BUT1 Comdty,2013-11-25,,,,4083
BUT1 Comdty,2013-11-26,,,,4083
BUT1 Comdty,2013-11-27,,,,4083
BUT1 Comdty,2013-11-28,,,,4083
BUT1 Comdty,2013-11-29,,,,4083
BUT1 Comdty,2013-12-02,,,,4083
BUT1 Comdty,2013-12-03,,,,4083
BUT1 Comdty,2013-12-04,,,,4090
BUT1 Comdty,2013-12-05,,,,4090
BUT1 Comdty,2013-12-06,,,,4083
BUT1 Comdty,2013-12-09,,,,4088
BUT1 Comdty,2013-12-10,,,,4090
BUT1 Comdty,2013-12-11,,,,4090
BUT1 Comdty,2013-12-12,,,,4090
BUT1 Comdty,2013-12-13,,,,4083
BUT1 Comdty,2013-12-16,,,,4083
BUT1 Comdty,2013-12-17,,,,4083
BUT1 Comdty,2013-12-18,,,,4068
BUT1 Comdty,2013-12-27,,,,3875
BUT1 Comdty,2013-12-30,,,,3938
BUT1 Comdty,2014-01-02,,,,3945
BUT1 Comdty,2014-01-03,,,,3945
BUT1 Comdty,2014-01-06,,,,3945
BUT1 Comdty,2014-01-07,,,,3945
BUT1 Comdty,2014-01-08,,,,3945
BUT1 Comdty,2014-01-09,,,,3900
BUT1 Comdty,2014-01-10,,,,3945
BUT1 Comdty,2014-01-13,,,,3933
BUT1 Comdty,2014-01-14,,,,3925
BUT1 Comdty,2014-01-15,,,,3925
BUT1 Comdty,2014-01-16,,,,3925
BUT1 Comdty,2014-01-17,,,,3913
BUT1 Comdty,2014-01-20,,,,3888
BUT1 Comdty,2014-01-21,,,,3888
BUT1 Comdty,2014-01-22,,,,3888
BUT1 Comdty,2014-01-23,,,,3913
BUT1 Comdty,2014-01-24,,,,3913
BUT1 Comdty,2014-01-27,,,,3913
BUT1 Comdty,2014-01-28,,,,3913
BUT1 Comdty,2014-01-29,3700,3700,3700,3695
BUT1 Comdty,2014-01-30,3650,3650,3625,3642
BUT1 Comdty,2014-01-31,,,,3663
BUT1 Comdty,2014-02-03,,,,3625
BUT1 Comdty,2014-02-04,,,,3650
BUT1 Comdty,2014-02-05,,,,3625
BUT1 Comdty,2014-02-06,3600,3600,3600,3600
BUT1 Comdty,2014-02-07,,,,3575
BUT1 Comdty,2014-02-10,,,,3600
BUT1 Comdty,2014-02-11,,,,3600
BUT1 Comdty,2014-02-12,,,,3600
BUT1 Comdty,2014-02-13,,,,3613
BUT1 Comdty,2014-02-14,,,,3625
BUT1 Comdty,2014-02-17,,,,3625
BUT1 Comdty,2014-02-18,,,,3625
BUT1 Comdty,2014-02-19,,,,3638
BUT1 Comdty,2014-02-20,,,,3638
BUT1 Comdty,2014-02-21,,,,3628
BUT1 Comdty,2014-02-24,,,,3628
BUT1 Comdty,2014-02-25,,,,3628
BUT1 Comdty,2014-02-26,,,,3600
BUT1 Comdty,2014-02-27,,,,3575
BUT1 Comdty,2014-02-28,,,,3575
BUT1 Comdty,2014-03-03,,,,3575
BUT1 Comdty,2014-03-04,,,,3575
BUT1 Comdty,2014-03-05,,,,3575
BUT1 Comdty,2014-03-06,,,,3575
BUT1 Comdty,2014-03-07,,,,3588
BUT1 Comdty,2014-03-10,,,,3575
BUT1 Comdty,2014-03-11,,,,3575
BUT1 Comdty,2014-03-12,,,,3575
BUT1 Comdty,2014-03-13,,,,3575
BUT1 Comdty,2014-03-14,,,,3575
BUT1 Comdty,2014-03-17,,,,3575
BUT1 Comdty,2014-03-18,,,,3575
BUT1 Comdty,2014-03-19,,,,3575
BUT1 Comdty,2014-03-20,,,,3538
BUT1 Comdty,2014-03-21,,,,3538
BUT1 Comdty,2014-03-24,,,,3538
BUT1 Comdty,2014-03-25,,,,3538
BUT1 Comdty,2014-03-26,,,,3503
BUT1 Comdty,2014-03-27,,,,3503
BUT1 Comdty,2014-03-28,,,,3505
BUT1 Comdty,2014-03-31,,,,3505
BUT1 Comdty,2014-04-01,,,,3498
BUT1 Comdty,2014-04-02,,,,3498
BUT1 Comdty,2014-04-03,,,,3498
BUT1 Comdty,2014-04-04,,,,3498
BUT1 Comdty,2014-04-07,,,,3475
BUT1 Comdty,2014-04-08,,,,3475
BUT1 Comdty,2014-04-09,,,,3475
BUT1 Comdty,2014-04-10,,,,3483
BUT1 Comdty,2014-04-11,,,,3483
BUT1 Comdty,2014-04-14,,,,3483
BUT1 Comdty,2014-04-15,,,,3483
BUT1 Comdty,2014-04-16,,,,3483
BUT1 Comdty,2014-04-17,,,,3483
BUT1 Comdty,2014-04-22,,,,3483
BUT1 Comdty,2014-04-23,,,,3483
BUT1 Comdty,2014-04-24,,,,3483
BUT1 Comdty,2014-04-25,,,,3483
BUT1 Comdty,2014-04-28,,,,3483
BUT1 Comdty,2014-04-29,,,,3483
BUT1 Comdty,2014-04-30,,,,3365
BUT1 Comdty,2014-05-02,,,,3378
BUT1 Comdty,2014-05-05,,,,3378
BUT1 Comdty,2014-05-06,,,,3378
BUT1 Comdty,2014-05-07,,,,3378
BUT1 Comdty,2014-05-08,,,,3390
BUT1 Comdty,2014-05-09,,,,3390
BUT1 Comdty,2014-05-12,,,,3410
BUT1 Comdty,2014-05-13,,,,3410
BUT1 Comdty,2014-05-14,3410,3410,3410,3410
BUT1 Comdty,2014-05-15,,,,3411
BUT1 Comdty,2014-05-16,,,,3411
BUT1 Comdty,2014-05-19,,,,3411
BUT1 Comdty,2014-05-20,,,,3411
BUT1 Comdty,2014-05-21,,,,3411
BUT1 Comdty,2014-05-22,,,,3418
BUT1 Comdty,2014-05-23,,,,3416
BUT1 Comdty,2014-05-26,,,,3416
BUT1 Comdty,2014-05-27,3440,3450,3440,3450
BUT1 Comdty,2014-05-28,,,,3480
BUT1 Comdty,2014-05-29,,,,3480
BUT1 Comdty,2014-05-30,,,,3480
BUT1 Comdty,2014-06-02,,,,3480
BUT1 Comdty,2014-06-03,,,,3480
BUT1 Comdty,2014-06-04,,,,3480
BUT1 Comdty,2014-06-05,3500,3500,3500,3500
BUT1 Comdty,2014-06-06,,,,3495
BUT1 Comdty,2014-06-09,,,,3495
BUT1 Comdty,2014-06-10,3615,3615,3615,3615
BUT1 Comdty,2014-06-11,,,,3583
BUT1 Comdty,2014-06-12,,,,3595
BUT1 Comdty,2014-06-13,,,,3575
BUT1 Comdty,2014-06-16,,,,3605
BUT1 Comdty,2014-06-17,,,,3605
BUT1 Comdty,2014-06-18,,,,3605
BUT1 Comdty,2014-06-19,,,,3570
BUT1 Comdty,2014-06-20,,,,3595
BUT1 Comdty,2014-06-23,,,,3595
BUT1 Comdty,2014-06-24,,,,3630
BUT1 Comdty,2014-06-25,,,,3668
BUT1 Comdty,2014-06-26,3690,3690,3690,3690
BUT1 Comdty,2014-06-27,3690,3690,3690,3690
BUT1 Comdty,2014-06-30,,,,3655
BUT1 Comdty,2014-07-01,3665,3665,3665,3665
BUT1 Comdty,2014-07-02,,,,3570
BUT1 Comdty,2014-07-03,,,,3570
BUT1 Comdty,2014-07-04,,,,3585
BUT1 Comdty,2014-07-07,,,,3585
BUT1 Comdty,2014-07-08,,,,3590
BUT1 Comdty,2014-07-09,,,,3545
BUT1 Comdty,2014-07-10,3550,3550,3550,3550
BUT1 Comdty,2014-07-11,,,,3525
BUT1 Comdty,2014-07-14,,,,3513
BUT1 Comdty,2014-07-15,,,,3500
BUT1 Comdty,2014-07-16,,,,3513
BUT1 Comdty,2014-07-17,,,,3513
BUT1 Comdty,2014-07-18,,,,3513
BUT1 Comdty,2014-07-21,3475,3475,3475,3475
BUT1 Comdty,2014-07-22,,,,3502
BUT1 Comdty,2014-07-23,,,,3490
BUT1 Comdty,2014-07-24,,,,3490
BUT1 Comdty,2014-07-25,,,,3488
BUT1 Comdty,2014-07-28,3475,3475,3475,3475
BUT1 Comdty,2014-07-29,,,,3475
BUT1 Comdty,2014-07-30,3421,3421,3421,3421
BUT1 Comdty,2014-07-31,,,,3415
BUT1 Comdty,2014-08-01,,,,3415
BUT1 Comdty,2014-08-04,,,,3410
BUT1 Comdty,2014-08-05,3400,3400,3400,3400
BUT1 Comdty,2014-08-06,,,,3400
BUT1 Comdty,2014-08-07,3380,3380,3370,3375
BUT1 Comdty,2014-08-08,,,,3300
BUT1 Comdty,2014-08-11,,,,3315
BUT1 Comdty,2014-08-12,,,,3290
BUT1 Comdty,2014-08-13,,,,3263
BUT1 Comdty,2014-08-14,,,,3263
BUT1 Comdty,2014-08-15,,,,3263
BUT1 Comdty,2014-08-18,,,,3263
BUT1 Comdty,2014-08-19,,,,3263
BUT1 Comdty,2014-08-20,,,,3263
BUT1 Comdty,2014-08-21,3220,3220,3200,3202
BUT1 Comdty,2014-08-22,,,,3198
BUT1 Comdty,2014-08-25,3200,3200,3180,3183
BUT1 Comdty,2014-08-26,3220,3220,3220,3220
BUT1 Comdty,2014-08-27,3175,3230,3175,3128
BUT1 Comdty,2014-08-28,3040,3040,3040,3040
BUT1 Comdty,2014-08-29,,,,3025
BUT1 Comdty,2014-09-01,,,,3025
BUT1 Comdty,2014-09-02,,,,3025
BUT1 Comdty,2014-09-03,,,,2950
BUT1 Comdty,2014-09-04,,,,2950
BUT1 Comdty,2014-09-05,,,,2918
BUT1 Comdty,2014-09-08,,,,2918
BUT1 Comdty,2014-09-09,,,,2943
BUT1 Comdty,2014-09-10,2900,2900,2900,2900
BUT1 Comdty,2014-09-11,,,,2903
BUT1 Comdty,2014-09-12,,,,2903
BUT1 Comdty,2014-09-15,,,,2903
BUT1 Comdty,2014-09-16,,,,2888
BUT1 Comdty,2014-09-17,2950,2985,2950,2968
BUT1 Comdty,2014-09-18,,,,2960
BUT1 Comdty,2014-09-19,,,,3025
BUT1 Comdty,2014-09-22,,,,3020
BUT1 Comdty,2014-09-23,,,,3020
BUT1 Comdty,2014-09-24,2950,2950,2950,2935
BUT1 Comdty,2014-09-25,,,,3010
BUT1 Comdty,2014-09-26,,,,3010
BUT1 Comdty,2014-09-29,,,,3010
BUT1 Comdty,2014-09-30,,,,3030
BUT1 Comdty,2014-10-01,3000,3000,3000,3000
BUT1 Comdty,2014-10-02,,,,3010
BUT1 Comdty,2014-10-03,,,,2988
BUT1 Comdty,2014-10-06,2990,2990,2990,2990
BUT1 Comdty,2014-10-07,,,,3010
BUT1 Comdty,2014-10-08,,,,2998
BUT1 Comdty,2014-10-09,,,,3010
BUT1 Comdty,2014-10-10,,,,3010
BUT1 Comdty,2014-10-13,,,,3010
BUT1 Comdty,2014-10-14,,,,3010
BUT1 Comdty,2014-10-15,,,,2985
BUT1 Comdty,2014-10-16,,,,2968
BUT1 Comdty,2014-10-17,,,,2968
BUT1 Comdty,2014-10-20,,,,2968
BUT1 Comdty,2014-10-21,,,,2968
BUT1 Comdty,2014-10-22,,,,2968
BUT1 Comdty,2014-10-23,,,,2968
BUT1 Comdty,2014-10-24,,,,2968
BUT1 Comdty,2014-10-27,,,,2968
BUT1 Comdty,2014-10-28,,,,2968
BUT1 Comdty,2014-10-29,,,,3000
BUT1 Comdty,2014-10-30,,,,2938
BUT1 Comdty,2014-10-31,,,,2938
BUT1 Comdty,2014-11-03,,,,2938
BUT1 Comdty,2014-11-04,,,,2938
BUT1 Comdty,2014-11-05,,,,2938
BUT1 Comdty,2014-11-06,,,,2918
BUT1 Comdty,2014-11-07,,,,2918
BUT1 Comdty,2014-11-10,,,,2918
BUT1 Comdty,2014-11-11,,,,2918
BUT1 Comdty,2014-11-12,,,,2918
BUT1 Comdty,2014-11-13,,,,2918
BUT1 Comdty,2014-11-14,,,,2918
BUT1 Comdty,2014-11-17,,,,2918
BUT1 Comdty,2014-11-18,,,,2918
BUT1 Comdty,2014-11-19,,,,2950
BUT1 Comdty,2014-11-20,,,,2935
BUT1 Comdty,2014-11-21,,,,2898
BUT1 Comdty,2014-11-24,,,,2895
BUT1 Comdty,2014-11-25,,,,2895
BUT1 Comdty,2014-11-26,,,,2950
BUT1 Comdty,2014-11-27,,,,2890
BUT1 Comdty,2014-11-28,,,,2890
BUT1 Comdty,2014-12-01,,,,2890
BUT1 Comdty,2014-12-02,,,,2893
BUT1 Comdty,2014-12-03,,,,2870
BUT1 Comdty,2014-12-04,,,,2870
BUT1 Comdty,2014-12-05,,,,2870
BUT1 Comdty,2014-12-08,,,,2895
BUT1 Comdty,2014-12-09,,,,2895
BUT1 Comdty,2014-12-10,2865,2865,2865,2865
BUT1 Comdty,2014-12-11,,,,2825
BUT1 Comdty,2014-12-12,,,,2825
BUT1 Comdty,2014-12-15,,,,2825
BUT1 Comdty,2014-12-16,,,,2825
BUT1 Comdty,2014-12-17,,,,2842
BUT1 Comdty,2014-12-18,2800,2800,2800,2800
BUT1 Comdty,2014-12-19,,,,2795
BUT1 Comdty,2014-12-22,,,,2795
BUT1 Comdty,2014-12-23,,,,2795
BUT1 Comdty,2014-12-24,,,,2795
BUT1 Comdty,2014-12-29,2790,2790,2790,2790
BUT1 Comdty,2014-12-30,,,,2795
BUT1 Comdty,2014-12-31,,,,2795
BUT1 Comdty,2015-01-02,,,,2795
BUT1 Comdty,2015-01-05,,,,2795
BUT1 Comdty,2015-01-06,,,,2805
BUT1 Comdty,2015-01-07,,,,2826
BUT1 Comdty,2015-01-08,,,,2826
BUT1 Comdty,2015-01-09,,,,2875
BUT1 Comdty,2015-01-12,,,,2900
BUT1 Comdty,2015-01-13,,,,2900
BUT1 Comdty,2015-01-14,,,,2900
BUT1 Comdty,2015-01-15,,,,2975
BUT1 Comdty,2015-01-16,,,,2975
BUT1 Comdty,2015-01-19,,,,2975
BUT1 Comdty,2015-01-20,,,,2975
BUT1 Comdty,2015-01-21,,,,2975
BUT1 Comdty,2015-01-22,,,,2975
BUT1 Comdty,2015-01-23,,,,3175
BUT1 Comdty,2015-01-26,,,,3175
BUT1 Comdty,2015-01-27,3175,3175,3175,3175
BUT1 Comdty,2015-01-28,,,,2990
BUT1 Comdty,2015-01-29,,,,3325
BUT1 Comdty,2015-01-30,,,,3325
BUT1 Comdty,2015-02-02,,,,3325
BUT1 Comdty,2015-02-03,3275,3275,3275,3275
BUT1 Comdty,2015-02-04,,,,3275
BUT1 Comdty,2015-02-05,,,,3275
BUT1 Comdty,2015-02-06,3375,3375,3375,3375
BUT1 Comdty,2015-02-09,,,,3375
BUT1 Comdty,2015-02-10,,,,3350
BUT1 Comdty,2015-02-11,,,,3350
BUT1 Comdty,2015-02-12,,,,3350
BUT1 Comdty,2015-02-13,,,,3350
BUT1 Comdty,2015-02-16,,,,3350
BUT1 Comdty,2015-02-17,,,,3350
BUT1 Comdty,2015-02-18,,,,3350
BUT1 Comdty,2015-02-19,,,,3350
BUT1 Comdty,2015-02-20,,,,3350
BUT1 Comdty,2015-02-23,,,,3350
BUT1 Comdty,2015-02-24,,,,3350
BUT1 Comdty,2015-02-25,,,,3398
BUT1 Comdty,2015-02-26,,,,3263
BUT1 Comdty,2015-02-27,,,,3325
BUT1 Comdty,2015-03-02,,,,3300
BUT1 Comdty,2015-03-03,,,,3300
BUT1 Comdty,2015-03-04,,,,3300
BUT1 Comdty,2015-03-05,,,,3300
BUT1 Comdty,2015-03-06,,,,3300
BUT1 Comdty,2015-03-09,,,,3225
BUT1 Comdty,2015-03-10,,,,3225
BUT1 Comdty,2015-03-11,,,,3238
BUT1 Comdty,2015-03-12,,,,3250
BUT1 Comdty,2015-03-13,,,,3250
BUT1 Comdty,2015-03-16,,,,3250
BUT1 Comdty,2015-03-17,,,,3250
BUT1 Comdty,2015-03-18,,,,3250
BUT1 Comdty,2015-03-19,,,,3250
BUT1 Comdty,2015-03-20,,,,3250
BUT1 Comdty,2015-03-23,,,,3250
BUT1 Comdty,2015-03-24,,,,3250
BUT1 Comdty,2015-03-25,,,,3303
BUT1 Comdty,2015-03-26,,,,3103
BUT1 Comdty,2015-03-27,,,,3100
BUT1 Comdty,2015-03-30,,,,3100
BUT1 Comdty,2015-03-31,,,,3100
BUT1 Comdty,2015-04-01,3065,3065,3065,3060
BUT1 Comdty,2015-04-02,,,,3043
BUT1 Comdty,2015-04-07,,,,3048
BUT1 Comdty,2015-04-08,,,,3063
BUT1 Comdty,2015-04-09,,,,3063
BUT1 Comdty,2015-04-10,,,,3065
BUT1 Comdty,2015-04-13,,,,3065
BUT1 Comdty,2015-04-14,,,,3063
BUT1 Comdty,2015-04-15,3075,3075,3075,3075
BUT1 Comdty,2015-04-16,,,,3083
BUT1 Comdty,2015-04-17,,,,3083
BUT1 Comdty,2015-04-20,,,,3083
BUT1 Comdty,2015-04-21,,,,3083
BUT1 Comdty,2015-04-22,,,,3083
BUT1 Comdty,2015-04-23,,,,3083
BUT1 Comdty,2015-04-24,,,,3083
BUT1 Comdty,2015-04-27,,,,3083
BUT1 Comdty,2015-04-28,,,,3083
BUT1 Comdty,2015-04-29,,,,3070
BUT1 Comdty,2015-04-30,,,,3030
BUT1 Comdty,2015-05-04,,,,3030
BUT1 Comdty,2015-05-05,,,,3030
BUT1 Comdty,2015-05-06,,,,3033
BUT1 Comdty,2015-05-07,3015,3015,3015,3015
BUT1 Comdty,2015-05-08,,,,2988
BUT1 Comdty,2015-05-11,,,,2988
BUT1 Comdty,2015-05-12,,,,2988
BUT1 Comdty,2015-05-13,,,,3005
BUT1 Comdty,2015-05-14,,,,3005
BUT1 Comdty,2015-05-15,,,,3005
BUT1 Comdty,2015-05-18,,,,2985
BUT1 Comdty,2015-05-19,,,,2985
BUT1 Comdty,2015-05-20,3020,3020,3020,3011
BUT1 Comdty,2015-05-21,,,,3011
BUT1 Comdty,2015-05-22,,,,3011
BUT1 Comdty,2015-05-26,,,,3011
BUT1 Comdty,2015-05-27,,,,3013
BUT1 Comdty,2015-05-28,3100,3100,3100,3092
BUT1 Comdty,2015-05-29,,,,3090
BUT1 Comdty,2015-06-01,,,,3090
BUT1 Comdty,2015-06-02,,,,3090
BUT1 Comdty,2015-06-03,,,,3090
BUT1 Comdty,2015-06-04,,,,3090
BUT1 Comdty,2015-06-05,,,,3090
BUT1 Comdty,2015-06-08,,,,3090
BUT1 Comdty,2015-06-09,,,,3090
BUT1 Comdty,2015-06-10,,,,3095
BUT1 Comdty,2015-06-11,,,,3063
BUT1 Comdty,2015-06-12,3000,3000,3000,3015
BUT1 Comdty,2015-06-15,,,,3045
BUT1 Comdty,2015-06-16,,,,3025
BUT1 Comdty,2015-06-17,,,,3048
BUT1 Comdty,2015-06-18,,,,3040
BUT1 Comdty,2015-06-19,,,,3040
BUT1 Comdty,2015-06-22,,,,3040
BUT1 Comdty,2015-06-23,,,,3048
BUT1 Comdty,2015-06-24,,,,2993
BUT1 Comdty,2015-06-25,,,,3073
BUT1 Comdty,2015-06-26,,,,3073
BUT1 Comdty,2015-06-29,,,,3080
BUT1 Comdty,2015-06-30,,,,3075
BUT1 Comdty,2015-07-01,3000,3000,3000,3019
BUT1 Comdty,2015-07-02,,,,3019
BUT1 Comdty,2015-07-03,,,,3000
BUT1 Comdty,2015-07-06,,,,3000
BUT1 Comdty,2015-07-07,2950,2950,2950,2952
BUT1 Comdty,2015-07-08,,,,2969
BUT1 Comdty,2015-07-09,,,,2970
BUT1 Comdty,2015-07-10,,,,2925
BUT1 Comdty,2015-07-13,,,,2969
BUT1 Comdty,2015-07-14,,,,2962
BUT1 Comdty,2015-07-15,,,,2968
BUT1 Comdty,2015-07-16,,,,2953
BUT1 Comdty,2015-07-17,,,,2940
BUT1 Comdty,2015-07-20,2875,2875,2875,2891
BUT1 Comdty,2015-07-21,,,,2938
BUT1 Comdty,2015-07-22,,,,2931
BUT1 Comdty,2015-07-23,,,,2925
BUT1 Comdty,2015-07-24,,,,2925
BUT1 Comdty,2015-07-27,,,,2928
BUT1 Comdty,2015-07-28,,,,2919
BUT1 Comdty,2015-07-29,,,,2837
BUT1 Comdty,2015-07-30,,,,2763
BUT1 Comdty,2015-07-31,,,,2759
BUT1 Comdty,2015-08-03,,,,2763
BUT1 Comdty,2015-08-04,,,,2760
BUT1 Comdty,2015-08-05,,,,2763
BUT1 Comdty,2015-08-06,,,,2763
BUT1 Comdty,2015-08-07,,,,2769
BUT1 Comdty,2015-08-10,,,,2763
BUT1 Comdty,2015-08-11,,,,2763
BUT1 Comdty,2015-08-12,2725,2725,2725,2726
BUT1 Comdty,2015-08-13,,,,2695
BUT1 Comdty,2015-08-14,2725,2725,2725,2714
BUT1 Comdty,2015-08-17,,,,2688
BUT1 Comdty,2015-08-18,,,,2688
BUT1 Comdty,2015-08-19,2755,2755,2755,2738
BUT1 Comdty,2015-08-20,,,,2685
BUT1 Comdty,2015-08-21,,,,2685
BUT1 Comdty,2015-08-24,,,,2685
BUT1 Comdty,2015-08-25,,,,2685
BUT1 Comdty,2015-08-26,,,,2708
BUT1 Comdty,2015-08-27,,,,2765
BUT1 Comdty,2015-08-28,,,,2765
BUT1 Comdty,2015-08-31,,,,2765
BUT1 Comdty,2015-09-01,,,,2765
BUT1 Comdty,2015-09-02,,,,2718
BUT1 Comdty,2015-09-03,,,,2775
BUT1 Comdty,2015-09-04,,,,2775
BUT1 Comdty,2015-09-07,,,,2775
BUT1 Comdty,2015-09-08,,,,2775
BUT1 Comdty,2015-09-09,,,,2745
BUT1 Comdty,2015-09-10,,,,2745
BUT1 Comdty,2015-09-11,,,,2745
BUT1 Comdty,2015-09-14,,,,2745
BUT1 Comdty,2015-09-15,,,,2745
BUT1 Comdty,2015-09-16,,,,2775
BUT1 Comdty,2015-09-17,,,,2775
BUT1 Comdty,2015-09-18,,,,2775
BUT1 Comdty,2015-09-21,,,,2775
BUT1 Comdty,2015-09-22,,,,2775
BUT1 Comdty,2015-09-23,,,,2838
BUT1 Comdty,2015-09-24,2900,2900,2900,2885
BUT1 Comdty,2015-09-25,,,,2885
BUT1 Comdty,2015-09-28,,,,2885
BUT1 Comdty,2015-09-29,,,,2885
BUT1 Comdty,2015-09-30,,,,2872
BUT1 Comdty,2015-10-01,,,,3058
BUT1 Comdty,2015-10-02,,,,3058
BUT1 Comdty,2015-10-05,,,,3019
BUT1 Comdty,2015-10-06,,,,3017
BUT1 Comdty,2015-10-07,,,,2917
BUT1 Comdty,2015-10-08,,,,3080
BUT1 Comdty,2015-10-09,,,,3080
BUT1 Comdty,2015-10-12,,,,3080
BUT1 Comdty,2015-10-13,,,,3080
BUT1 Comdty,2015-10-14,,,,2965
BUT1 Comdty,2015-10-15,,,,2965
BUT1 Comdty,2015-10-16,,,,3028
BUT1 Comdty,2015-10-19,,,,3028
BUT1 Comdty,2015-10-20,,,,3031
BUT1 Comdty,2015-10-21,,,,3030
BUT1 Comdty,2015-10-22,,,,3030
BUT1 Comdty,2015-10-23,,,,3030
BUT1 Comdty,2015-10-26,,,,3015
BUT1 Comdty,2015-10-27,,,,3013
BUT1 Comdty,2015-10-28,,,,3013
BUT1 Comdty,2015-10-29,,,,3015
BUT1 Comdty,2015-10-30,,,,3015
BUT1 Comdty,2015-11-02,,,,3002
BUT1 Comdty,2015-11-03,,,,2990
BUT1 Comdty,2015-11-04,,,,2915
BUT1 Comdty,2015-11-05,,,,2938
BUT1 Comdty,2015-11-06,,,,2907
BUT1 Comdty,2015-11-09,,,,2888
BUT1 Comdty,2015-11-10,,,,2888
BUT1 Comdty,2015-11-11,,,,2888
BUT1 Comdty,2015-11-12,,,,2894
BUT1 Comdty,2015-11-13,,,,2897
BUT1 Comdty,2015-11-16,,,,2888
BUT1 Comdty,2015-11-17,,,,2888
BUT1 Comdty,2015-11-18,,,,2907
BUT1 Comdty,2015-11-19,,,,2933
BUT1 Comdty,2015-11-20,,,,2933
BUT1 Comdty,2015-11-23,,,,2933
BUT1 Comdty,2015-11-24,,,,2933
BUT1 Comdty,2015-11-25,,,,2955
BUT1 Comdty,2015-11-26,,,,2878
BUT1 Comdty,2015-11-27,,,,2878
BUT1 Comdty,2015-11-30,,,,2878
BUT1 Comdty,2015-12-01,,,,2878
BUT1 Comdty,2015-12-02,,,,2953
BUT1 Comdty,2015-12-03,,,,2953
BUT1 Comdty,2015-12-04,,,,2953
BUT1 Comdty,2015-12-07,,,,2953
BUT1 Comdty,2015-12-08,,,,2953
BUT1 Comdty,2015-12-09,,,,2933
BUT1 Comdty,2015-12-10,,,,2933
BUT1 Comdty,2015-12-11,,,,2925
BUT1 Comdty,2015-12-14,,,,2925
BUT1 Comdty,2015-12-15,,,,2925
BUT1 Comdty,2015-12-16,,,,2883
BUT1 Comdty,2016-01-04,,,,2821
BUT1 Comdty,2016-01-05,,,,2819
BUT1 Comdty,2016-01-06,,,,2812
BUT1 Comdty,2016-01-07,,,,2800
BUT1 Comdty,2016-01-08,,,,2788
BUT1 Comdty,2016-01-11,,,,2767
BUT1 Comdty,2016-01-12,,,,2750
BUT1 Comdty,2016-01-13,,,,2750
BUT1 Comdty,2016-01-14,,,,2750
BUT1 Comdty,2016-01-15,,,,2750
BUT1 Comdty,2016-01-18,,,,2750
BUT1 Comdty,2016-01-19,,,,2750
BUT1 Comdty,2016-01-20,,,,2738
BUT1 Comdty,2016-01-21,,,,2738
BUT1 Comdty,2016-01-22,,,,2719
BUT1 Comdty,2016-01-25,,,,2700
BUT1 Comdty,2016-01-26,,,,2700
BUT1 Comdty,2016-01-27,,,,2753
BUT1 Comdty,2016-01-28,,,,2677
BUT1 Comdty,2016-01-29,,,,2677
BUT1 Comdty,2016-02-01,,,,2688
BUT1 Comdty,2016-02-02,,,,2688
BUT1 Comdty,2016-02-03,2650,2650,2650,2657
BUT1 Comdty,2016-02-04,2650,2650,2650,2644
BUT1 Comdty,2016-02-05,,,,2583
BUT1 Comdty,2016-02-08,,,,2583
BUT1 Comdty,2016-02-09,,,,2568
BUT1 Comdty,2016-02-10,,,,2545
BUT1 Comdty,2016-02-11,,,,2545
BUT1 Comdty,2016-02-12,,,,2545
BUT1 Comdty,2016-02-15,,,,2520
BUT1 Comdty,2016-02-16,,,,2520
BUT1 Comdty,2016-02-17,,,,2513
BUT1 Comdty,2016-02-18,,,,2513
BUT1 Comdty,2016-02-19,,,,2513
BUT1 Comdty,2016-02-22,,,,2523
BUT1 Comdty,2016-02-23,,,,2523
BUT1 Comdty,2016-02-24,,,,2573
BUT1 Comdty,2016-02-25,,,,2450
BUT1 Comdty,2016-02-26,,,,2450
BUT1 Comdty,2016-02-29,,,,2450
BUT1 Comdty,2016-03-01,,,,2450
BUT1 Comdty,2016-03-02,,,,2450
BUT1 Comdty,2016-03-03,,,,2450
BUT1 Comdty,2016-03-04,,,,2450
BUT1 Comdty,2016-03-07,,,,2450
BUT1 Comdty,2016-03-08,,,,2450
BUT1 Comdty,2016-03-09,,,,2430
BUT1 Comdty,2016-03-10,,,,2430
BUT1 Comdty,2016-03-11,,,,2365
BUT1 Comdty,2016-03-14,,,,2365
BUT1 Comdty,2016-03-15,,,,2368
BUT1 Comdty,2016-03-16,,,,2370
BUT1 Comdty,2016-03-17,,,,2370
BUT1 Comdty,2016-03-18,,,,2370
BUT1 Comdty,2016-03-21,,,,2370
BUT1 Comdty,2016-03-22,,,,2383
BUT1 Comdty,2016-03-23,,,,2395
BUT1 Comdty,2016-03-24,,,,2398
BUT1 Comdty,2016-03-29,,,,2400
BUT1 Comdty,2016-03-30,,,,2440
BUT1 Comdty,2016-03-31,,,,2438
BUT1 Comdty,2016-04-01,2470,2470,2470,2462
BUT1 Comdty,2016-04-04,,,,2445
BUT1 Comdty,2016-04-05,2440,2475,2440,2473
BUT1 Comdty,2016-04-06,,,,2488
BUT1 Comdty,2016-04-07,,,,2477
BUT1 Comdty,2016-04-08,,,,2500
BUT1 Comdty,2016-04-11,2450,2450,2450,2457
BUT1 Comdty,2016-04-12,2440,2440,2440,2446
BUT1 Comdty,2016-04-13,,,,2450
BUT1 Comdty,2016-04-14,,,,2442
BUT1 Comdty,2016-04-15,,,,2439
BUT1 Comdty,2016-04-18,,,,2435
BUT1 Comdty,2016-04-19,,,,2444
BUT1 Comdty,2016-04-20,,,,2436
BUT1 Comdty,2016-04-21,,,,2451
BUT1 Comdty,2016-04-22,,,,2454
BUT1 Comdty,2016-04-25,,,,2454
BUT1 Comdty,2016-04-26,,,,2454
BUT1 Comdty,2016-04-27,,,,2423
BUT1 Comdty,2016-04-28,2495,2495,2495,2495
BUT1 Comdty,2016-04-29,,,,2484
BUT1 Comdty,2016-05-02,,,,2488
BUT1 Comdty,2016-05-03,,,,2488
BUT1 Comdty,2016-05-04,,,,2568
BUT1 Comdty,2016-05-05,,,,2568
BUT1 Comdty,2016-05-06,,,,2512
BUT1 Comdty,2016-05-09,,,,2505
BUT1 Comdty,2016-05-10,,,,2505
BUT1 Comdty,2016-05-11,,,,2505
BUT1 Comdty,2016-05-12,,,,2505
BUT1 Comdty,2016-05-13,,,,2505
BUT1 Comdty,2016-05-16,,,,2505
BUT1 Comdty,2016-05-17,2550,2550,2550,2539
BUT1 Comdty,2016-05-18,2550,2550,2550,2554
BUT1 Comdty,2016-05-19,,,,2577
BUT1 Comdty,2016-05-20,,,,2577
BUT1 Comdty,2016-05-23,,,,2586
BUT1 Comdty,2016-05-24,,,,2588
BUT1 Comdty,2016-05-25,,,,2568
BUT1 Comdty,2016-05-26,,,,2763
BUT1 Comdty,2016-05-27,,,,2794
BUT1 Comdty,2016-05-30,,,,2763
BUT1 Comdty,2016-05-31,,,,2797
BUT1 Comdty,2016-06-01,,,,2815
BUT1 Comdty,2016-06-02,2850,2850,2850,2843
BUT1 Comdty,2016-06-03,,,,2843
BUT1 Comdty,2016-06-06,,,,2945
BUT1 Comdty,2016-06-07,,,,2945
BUT1 Comdty,2016-06-08,,,,2798
BUT1 Comdty,2016-06-09,,,,2798
BUT1 Comdty,2016-06-10,,,,2798
BUT1 Comdty,2016-06-13,,,,2798
BUT1 Comdty,2016-06-14,,,,2798
BUT1 Comdty,2016-06-15,3100,3100,3100,3100
BUT1 Comdty,2016-06-16,,,,3100
BUT1 Comdty,2016-06-17,,,,3100
BUT1 Comdty,2016-06-20,,,,3100
BUT1 Comdty,2016-06-21,,,,3100
BUT1 Comdty,2016-06-22,,,,2977
BUT1 Comdty,2016-06-23,,,,2977
BUT1 Comdty,2016-06-24,,,,3000
BUT1 Comdty,2016-06-27,,,,3000
BUT1 Comdty,2016-06-28,,,,3000
BUT1 Comdty,2016-06-29,,,,3037
BUT1 Comdty,2016-06-30,,,,3141
BUT1 Comdty,2016-07-01,,,,3150
BUT1 Comdty,2016-07-04,,,,3150
BUT1 Comdty,2016-07-05,,,,3116
BUT1 Comdty,2016-07-06,,,,3151
BUT1 Comdty,2016-07-07,,,,3151
BUT1 Comdty,2016-07-08,,,,3151
BUT1 Comdty,2016-07-11,,,,3151
BUT1 Comdty,2016-07-12,,,,3151
BUT1 Comdty,2016-07-13,,,,3185
BUT1 Comdty,2016-07-14,,,,3185
BUT1 Comdty,2016-07-15,,,,3185
BUT1 Comdty,2016-07-18,,,,3185
BUT1 Comdty,2016-07-19,,,,3185
BUT1 Comdty,2016-07-20,,,,3300
BUT1 Comdty,2016-07-21,,,,3300
BUT1 Comdty,2016-07-22,,,,3300
BUT1 Comdty,2016-07-25,,,,3300
BUT1 Comdty,2016-07-26,,,,3300
BUT1 Comdty,2016-07-27,,,,3273
BUT1 Comdty,2016-07-28,,,,3445
BUT1 Comdty,2016-07-29,,,,3403
BUT1 Comdty,2016-08-01,3445,3445,3445,3438
BUT1 Comdty,2016-08-02,3450,3450,3450,3450
BUT1 Comdty,2016-08-03,3550,3550,3550,3540
BUT1 Comdty,2016-08-04,,,,3600
BUT1 Comdty,2016-08-05,,,,3600
BUT1 Comdty,2016-08-08,,,,3625
BUT1 Comdty,2016-08-09,,,,3625
BUT1 Comdty,2016-08-10,,,,3725
BUT1 Comdty,2016-08-11,,,,3725
BUT1 Comdty,2016-08-12,3750,3750,3750,3763
BUT1 Comdty,2016-08-15,,,,3763
BUT1 Comdty,2016-08-16,,,,3763
BUT1 Comdty,2016-08-17,,,,3800
BUT1 Comdty,2016-08-18,,,,3700
BUT1 Comdty,2016-08-19,,,,3700
BUT1 Comdty,2016-08-22,,,,3700
BUT1 Comdty,2016-08-23,,,,3700
BUT1 Comdty,2016-08-24,,,,3750
BUT1 Comdty,2016-08-25,,,,3750
BUT1 Comdty,2016-08-26,,,,3750
BUT1 Comdty,2016-08-29,,,,3750
BUT1 Comdty,2016-08-30,,,,3750
BUT1 Comdty,2016-08-31,,,,3797
BUT1 Comdty,2016-09-01,,,,3825
BUT1 Comdty,2016-09-02,,,,3825
BUT1 Comdty,2016-09-05,,,,3900
BUT1 Comdty,2016-09-06,3950,3950,3950,3950
BUT1 Comdty,2016-09-07,,,,3972
BUT1 Comdty,2016-09-08,,,,3972
BUT1 Comdty,2016-09-09,,,,3972
BUT1 Comdty,2016-09-12,,,,3972
BUT1 Comdty,2016-09-13,4150,4150,4150,4125
BUT1 Comdty,2016-09-14,4200,4200,4200,4200
BUT1 Comdty,2016-09-15,,,,4200
BUT1 Comdty,2016-09-16,,,,4200
BUT1 Comdty,2016-09-19,4300,4300,4300,4300
BUT1 Comdty,2016-09-20,,,,4300
BUT1 Comdty,2016-09-21,,,,4187
BUT1 Comdty,2016-09-22,,,,4188
BUT1 Comdty,2016-09-23,,,,4188
BUT1 Comdty,2016-09-26,,,,4188
BUT1 Comdty,2016-09-27,,,,4188
BUT1 Comdty,2016-09-28,,,,4172
BUT1 Comdty,2016-09-29,4150,4150,4150,4147
BUT1 Comdty,2016-09-30,,,,4140
BUT1 Comdty,2016-10-03,,,,4133
BUT1 Comdty,2016-10-04,,,,4133
BUT1 Comdty,2016-10-05,,,,4063
BUT1 Comdty,2016-10-06,,,,4125
BUT1 Comdty,2016-10-07,,,,4125
BUT1 Comdty,2016-10-10,,,,4125
BUT1 Comdty,2016-10-11,,,,4125
BUT1 Comdty,2016-10-12,4200,4200,4200,4200
BUT1 Comdty,2016-10-13,,,,4200
BUT1 Comdty,2016-10-14,,,,4200
BUT1 Comdty,2016-10-17,,,,4200
BUT1 Comdty,2016-10-18,,,,4200
BUT1 Comdty,2016-10-19,,,,4290
BUT1 Comdty,2016-10-20,,,,4290
BUT1 Comdty,2016-10-21,,,,4290
BUT1 Comdty,2016-10-24,,,,4290
BUT1 Comdty,2016-10-25,,,,4290
BUT1 Comdty,2016-10-26,,,,4333
BUT1 Comdty,2016-10-27,,,,4257
BUT1 Comdty,2016-10-28,,,,4257
BUT1 Comdty,2016-10-31,,,,4257
BUT1 Comdty,2016-11-01,,,,4257
BUT1 Comdty,2016-11-02,,,,4333
BUT1 Comdty,2016-11-03,,,,4350
BUT1 Comdty,2016-11-04,,,,4350
BUT1 Comdty,2016-11-07,,,,4350
BUT1 Comdty,2016-11-08,,,,4350
BUT1 Comdty,2016-11-09,,,,4350
BUT1 Comdty,2016-11-10,,,,4350
BUT1 Comdty,2016-11-11,,,,4350
BUT1 Comdty,2016-11-14,,,,4346
BUT1 Comdty,2016-11-15,,,,4350
BUT1 Comdty,2016-11-16,,,,4402
BUT1 Comdty,2016-11-17,,,,4403
BUT1 Comdty,2016-11-18,,,,4403
BUT1 Comdty,2016-11-21,,,,4416
BUT1 Comdty,2016-11-22,,,,4420
BUT1 Comdty,2016-11-23,4390,4390,4390,4398
BUT1 Comdty,2016-11-24,,,,4420
BUT1 Comdty,2016-11-25,,,,4420
BUT1 Comdty,2016-11-28,,,,4420
BUT1 Comdty,2016-11-29,,,,4420
BUT1 Comdty,2016-11-30,,,,4450
BUT1 Comdty,2016-12-01,,,,4403
BUT1 Comdty,2016-12-02,4355,4449,4355,4402
BUT1 Comdty,2016-12-05,4450,4450,4450,4440
BUT1 Comdty,2016-12-06,,,,4434
BUT1 Comdty,2016-12-07,,,,4455
BUT1 Comdty,2016-12-08,,,,4440
BUT1 Comdty,2016-12-09,,,,4438
BUT1 Comdty,2016-12-12,,,,4440
BUT1 Comdty,2016-12-13,,,,4440
BUT1 Comdty,2016-12-14,4355,4355,4351,4375
BUT1 Comdty,2016-12-15,,,,4441
BUT1 Comdty,2016-12-16,,,,4428
BUT1 Comdty,2016-12-19,,,,4450
BUT1 Comdty,2016-12-20,,,,4450
BUT1 Comdty,2016-12-21,,,,4397
BUT1 Comdty,2016-12-22,4440,4459,4440,4446
BUT1 Comdty,2016-12-23,,,,4415
BUT1 Comdty,2016-12-27,,,,4400
BUT1 Comdty,2016-12-28,,,,4425
BUT1 Comdty,2016-12-29,,,,4414
BUT1 Comdty,2016-12-30,,,,4400
BUT1 Comdty,2017-01-02,,,,4450
BUT1 Comdty,2017-01-03,,,,4393
BUT1 Comdty,2017-01-04,4350,4350,4350,4361
BUT1 Comdty,2017-01-05,,,,4370
BUT1 Comdty,2017-01-06,,,,4378
BUT1 Comdty,2017-01-09,,,,4377
BUT1 Comdty,2017-01-10,,,,4340
BUT1 Comdty,2017-01-11,,,,4325
BUT1 Comdty,2017-01-12,,,,4325
BUT1 Comdty,2017-01-13,,,,4313
BUT1 Comdty,2017-01-16,,,,4300
BUT1 Comdty,2017-01-17,,,,4313
BUT1 Comdty,2017-01-18,,,,4200
BUT1 Comdty,2017-01-19,,,,4258
BUT1 Comdty,2017-01-20,,,,4275
BUT1 Comdty,2017-01-23,,,,4275
BUT1 Comdty,2017-01-24,,,,4275
BUT1 Comdty,2017-01-25,,,,4223
BUT1 Comdty,2017-01-26,4075,4075,4075,4076
BUT1 Comdty,2017-01-27,,,,4075
BUT1 Comdty,2017-01-30,,,,4088
BUT1 Comdty,2017-01-31,,,,4025
BUT1 Comdty,2017-02-01,,,,3994
BUT1 Comdty,2017-02-02,,,,4000
BUT1 Comdty,2017-02-03,,,,4040
BUT1 Comdty,2017-02-06,,,,3997
BUT1 Comdty,2017-02-07,,,,4100
BUT1 Comdty,2017-02-08,,,,4033
BUT1 Comdty,2017-02-09,,,,4000
BUT1 Comdty,2017-02-10,,,,3979
BUT1 Comdty,2017-02-13,,,,3988
BUT1 Comdty,2017-02-14,,,,3975
BUT1 Comdty,2017-02-15,,,,3975
BUT1 Comdty,2017-02-16,,,,3975
BUT1 Comdty,2017-02-17,,,,3975
BUT1 Comdty,2017-02-20,,,,3975
BUT1 Comdty,2017-02-21,,,,4050
BUT1 Comdty,2017-02-22,,,,4100
BUT1 Comdty,2017-02-23,,,,4090
BUT1 Comdty,2017-02-24,,,,4114
BUT1 Comdty,2017-02-27,,,,4100
BUT1 Comdty,2017-02-28,,,,4100
BUT1 Comdty,2017-03-01,,,,4100
BUT1 Comdty,2017-03-02,,,,4150
BUT1 Comdty,2017-03-03,,,,4188
BUT1 Comdty,2017-03-06,,,,4175
BUT1 Comdty,2017-03-07,,,,4175
